MemberID,FirstName,LastName,Email,Phone,Status,JoinedDate
259a4829-4ef8-4d50-bab0-fbd884b01528,Michelle,Morris,qjohnson@example.net,7083955590,Active,4/1/2025 12:00:00 AM
c1bc0789-9caf-43f5-8eab-5f89a91a9c65,Brandon,Durham,johnsonshawn@example.net,94241382039423,Pending,4/1/2025 12:00:00 AM
995a40d6-9d51-49b4-ac03-10cd2f17bd37,Angela,Lee,lauren69@example.org,18559712223583,Inactive,4/1/2025 12:00:00 AM
4e28b52f-308e-4336-93e6-732ff96447a5,Richard,Jackson,hayesmichelle@example.net,16728537749,Active,4/1/2025 12:00:00 AM
7f9c383e-30e1-4ab1-a42f-bebf79094f15,Michael,Roberts,lscott@example.org,6313658354,Inactive,4/1/2025 12:00:00 AM
57cdaceb-9308-440a-9203-da8af9699a29,Savannah,Page,thomascindy@example.org,19998977266471,Active,4/1/2025 12:00:00 AM
d6b8e84c-a1fc-45c8-b87d-54a065151f4a,Dustin,Richardson,taylormary@example.com,9372781417,Active,4/1/2025 12:00:00 AM
06cd7f1a-aae5-489b-9fbc-bc81b613c2f7,Chelsea,Bradley,dukebryan@example.org,3637138851,Active,4/1/2025 12:00:00 AM
250c5aaa-ca09-43fb-8778-7dde36cbe410,Cheryl,Brown,wgiles@example.net,0014018176747,Active,4/1/2025 12:00:00 AM
835f2dd7-0124-4ea4-ae6d-fa547f381581,Robert,Gay,kenneth66@example.com,2379752432,Pending,4/1/2025 12:00:00 AM
194e4f60-49dc-4aec-ae22-0c5f7ec9b7ca,Annette,Norris,ythompson@example.com,3115738704,Inactive,4/1/2025 12:00:00 AM
0eef9bd8-a2b0-493c-bff6-13d7b772ba51,Mary,Kemp,wscott@example.org,0016096739748,Inactive,4/1/2025 12:00:00 AM
923b4d7b-829f-4b3b-aed3-4ceb038b27de,Christian,Brown,alice52@example.net,949472351400382,Active,4/1/2025 12:00:00 AM
1505ed86-e9c9-4d38-b40d-3d41fe532757,Evan,George,stephaniewatson@example.net,3129734837,Inactive,4/1/2025 12:00:00 AM
61084d97-18d6-41a6-9def-20da2a07cf3a,Christopher,Walker,alirebecca@example.net,4282494972,Pending,4/1/2025 12:00:00 AM
952aed5f-e06a-4eac-a66d-f2f58843dbbe,Jacqueline,Perez,autumnwashington@example.org,883519583876873,Inactive,4/1/2025 12:00:00 AM
0b6699b3-226f-47e8-bf6d-868b10712605,Michael,Chavez,jaredchavez@example.com,54533923031129,Pending,4/1/2025 12:00:00 AM
cf3a477f-0c34-4f21-8915-276eb3799865,Anita,Cabrera,floresroberto@example.org,2974487678,Inactive,4/1/2025 12:00:00 AM
49c7bfea-448b-47b4-a609-c43f1b9c4fed,Matthew,Jimenez,carlsonderek@example.org,9847971030,Active,4/1/2025 12:00:00 AM
71075c7d-91bb-4991-bd12-673c3ecc3e5f,Chad,Potter,amandavargas@example.net,22676932874678,Inactive,4/1/2025 12:00:00 AM
6e8e6f21-9ecc-4b85-975d-97cfc143d36b,Ryan,Elliott,paul86@example.com,7928857379,Pending,4/1/2025 12:00:00 AM
412a1d36-36ae-4798-a2ca-606169fc9e86,Debra,Wilson,antoniobarrera@example.com,56378667927689,Pending,4/1/2025 12:00:00 AM
a8c81f59-7b6b-4bd6-b14b-377db221f87e,Alexandra,Lopez,marshallrhonda@example.net,6983318352861,Inactive,4/1/2025 12:00:00 AM
7e51d14c-3da3-4aef-bbfa-9ec0b3671153,Matthew,Griffin,sarah63@example.org,9675869158,Inactive,4/1/2025 12:00:00 AM
5ce6d576-1d51-4ae5-979d-0842fcc668ac,John,Woods,crystal79@example.com,2427958493,Inactive,4/1/2025 12:00:00 AM
b03c5f13-a0f6-4a44-bf0a-c3bfaf8a84c8,Lisa,Matthews,john88@example.org,955258654661025,Inactive,4/1/2025 12:00:00 AM
b7be4a05-ec4e-4bc0-8858-dc2982c1884a,Kimberly,Fisher,vcarpenter@example.com,0017953486178,Pending,4/1/2025 12:00:00 AM
ad55d686-67c1-40f2-835f-720eac7ad27d,Sarah,Stout,elizabeth56@example.org,7458679301,Active,4/1/2025 12:00:00 AM
f0910be4-5f87-4a1b-933b-c9496786218d,Lisa,Carter,loristevens@example.org,9284875050,Active,4/1/2025 12:00:00 AM
93816d2c-dc8f-4189-9d41-d62536e0d751,Matthew,Bowers,victoria91@example.com,5855258446,Pending,4/1/2025 12:00:00 AM
cebd2184-39e3-4017-b138-a1a4ce949ccb,Christopher,Perry,nicolegallagher@example.net,9677891784,Inactive,4/1/2025 12:00:00 AM
6a1b378d-0a6c-4a33-82e9-70e6378e8703,Christopher,Hurst,morrisonchristine@example.net,19264017573512,Inactive,4/1/2025 12:00:00 AM
e57763ed-c27a-4d32-b90d-5842c0279106,Gregory,Campbell,lewislisa@example.org,506693704474800,Inactive,4/1/2025 12:00:00 AM
6c0f8e85-9db3-4757-a768-2207162e1bbb,Rebecca,Soto,wallacelaura@example.com,0014692266828,Inactive,4/1/2025 12:00:00 AM
860cd267-c6aa-4940-b89f-f0dc212d3680,Christopher,Sandoval,robert50@example.net,2468205881,Pending,4/1/2025 12:00:00 AM
06b58315-3023-494e-a99e-78ea9060b0c8,Hayley,Ramirez,wendyferguson@example.org,6718672024374,Pending,4/1/2025 12:00:00 AM
06553b84-b14f-4214-b729-1574af974996,Candice,Hernandez,william86@example.org,7895856418580,Pending,4/1/2025 12:00:00 AM
0a83358f-9863-4e7b-a426-f544431daf5d,Lori,Nguyen,ryan33@example.com,7375056339,Inactive,4/1/2025 12:00:00 AM
943e1bf5-029c-4d3a-8e3e-1db01b908bd7,Jeremy,Ortiz,hannahcunningham@example.com,6245712602509,Inactive,4/1/2025 12:00:00 AM
3d7decdc-ee08-4542-884f-c782cb1435bf,Maria,Christensen,john57@example.com,9233413906224,Pending,4/1/2025 12:00:00 AM
b1ec2e1f-02c4-4f92-ab8b-84dbb00f55b2,Angelica,Cook,parkermanuel@example.com,6848451944749,Inactive,4/1/2025 12:00:00 AM
05fad0eb-954b-4a56-93d7-fc76534b50d7,Hector,Wagner,rosssara@example.org,757525967780849,Inactive,4/1/2025 12:00:00 AM